Fa,Fs,beta,dim,isDynamic,isFock,mass2,massratio,order,rs,spin,Σw,Σw.err,μ,μ.err
-0.0,-0.0,25.0,3,true,false,0.001,1.0,102,1.0,2,-0.0005071029039973794,5.254584024848417e-6,-0.024098189892216064,1.9341693261517346e-5
-0.0,-0.0,25.0,3,true,false,0.001,1.0,111,1.0,2,-3.5603676050028395e-5,5.4087881017811115e-6,0.07850854665677776,2.377830171417795e-5
-0.0,-0.0,25.0,3,true,false,0.001,1.0,110,1.0,2,0.004667784988471223,1.0437534933938207e-5,0.32905694386338047,5.9607247763284824e-5
-0.0,-0.0,25.0,3,true,false,0.001,1.0,120,1.0,2,-0.03319965025463637,1.931227621782032e-5,0.007618958467239349,3.140999562511267e-5
-0.0,-0.0,25.0,3,true,false,0.001,1.0,200,1.0,2,-3.199842647008974e-5,9.736284451380542e-5,0.5325659251652186,0.00037827051822483235
-0.0,-0.0,25.0,3,true,false,0.001,1.0,201,1.0,2,-0.011737446351451259,0.00016326231425823324,0.10832839798290916,0.0002776454583656296
-0.0,-0.0,25.0,3,true,false,0.001,1.0,210,1.0,2,-0.10224812607529409,0.00026971966263453743,0.0451387772483351,0.0006370336322749577
-0.0,-0.0,25.0,3,true,false,0.001,1.0,101,1.0,2,0.006900775194982849,9.675149492800342e-6,-0.12033145257360195,7.47813891169183e-5
-0.0,-0.0,25.0,3,true,false,0.001,1.0,300,1.0,2,-0.06907400551938019,0.002306888380762161,0.05148780968556122,0.004932894731197065
-0.0,-0.0,25.0,3,true,false,0.001,1.0,100,1.0,2,0.15743632170971544,2.946953741101308e-5,1.366084087406753,0.00027083022442511625
-0.0,-0.0,25.0,3,true,false,0.01,1.0,102,1.0,2,-0.0047356339839121075,4.3794364855039135e-6,-0.02373861317326414,1.7946321340463164e-5
-0.0,-0.0,25.0,3,true,false,0.01,1.0,111,1.0,2,-0.00015537388497610614,4.619759161138972e-6,0.07148036375980407,1.9854815952779762e-5
-0.0,-0.0,25.0,3,true,false,0.01,1.0,110,1.0,2,0.004544048206356098,9.184023827920411e-6,0.31585636766444236,5.479606465415995e-5
-0.0,-0.0,25.0,3,true,false,0.01,1.0,120,1.0,2,-0.02607124929788712,1.5974372246561964e-5,0.007541888540514635,2.9896229064291433e-5
-0.0,-0.0,25.0,3,true,false,0.01,1.0,200,1.0,2,0.003807475827724609,6.536920601139931e-5,0.4934062270951009,0.0002843708487892762
-0.0,-0.0,25.0,3,true,false,0.01,1.0,201,1.0,2,-0.004265012005741995,7.171166745615601e-5,0.09530063385449755,0.0001592623095193746
-0.0,-0.0,25.0,3,true,false,0.01,1.0,210,1.0,2,-0.07655075029184139,0.00016179639877821425,0.04715693803857364,0.0003834649740470138
-0.0,-0.0,25.0,3,true,false,0.01,1.0,101,1.0,2,0.0010383355123334556,8.449237599034966e-6,-0.11969259951557062,7.13818824074534e-5
-0.0,-0.0,25.0,3,true,false,0.01,1.0,300,1.0,2,-0.0493667632606553,0.0006914892107873601,0.05972573549984677,0.0016208111783642886
-0.0,-0.0,25.0,3,true,false,0.01,1.0,100,1.0,2,0.14536335301638534,2.633744613089536e-5,1.301744871390942,0.0002527403009842559
-0.0,-0.0,25.0,3,true,false,0.001,1.0,102,2.0,2,0.0014025159783356712,9.935802647658006e-6,-0.02077869770639928,1.2924301526086003e-5
-0.0,-0.0,25.0,3,true,false,0.001,1.0,111,2.0,2,-8.934039121025754e-5,3.485357122458001e-5,0.14554594847086436,4.3694481286364344e-5
-0.0,-0.0,25.0,3,true,false,0.001,1.0,110,2.0,2,0.03725910164581592,6.570816930182609e-5,0.5430518360852917,9.235602050570164e-5
-0.0,-0.0,25.0,3,true,false,0.001,1.0,120,2.0,2,-0.5863756574655676,0.00041975936853929583,0.05752723484918912,0.00018432214860870577
-0.0,-0.0,25.0,3,true,false,0.001,1.0,200,2.0,2,0.030683374834570426,0.0002296738918896988,0.44805591651571697,0.0002655963317402286
-0.0,-0.0,25.0,3,true,false,0.001,1.0,201,2.0,2,-0.029781865082144345,0.00032024297555382494,0.0884133914416176,0.00017695495390398347
-0.0,-0.0,25.0,3,true,false,0.001,1.0,210,2.0,2,-0.9221115556561278,0.0022181758425215267,0.22654887280627967,0.0014609985838726356
-0.0,-0.0,25.0,3,true,false,0.001,1.0,101,2.0,2,0.020808416964147352,1.777707652594536e-5,-0.08898179173482625,4.729426249300087e-5
-0.0,-0.0,25.0,3,true,false,0.001,1.0,300,2.0,2,-0.3421814210936086,0.0059102316638237505,0.1467265759898797,0.004288331283859848
-0.0,-0.0,25.0,3,true,false,0.001,1.0,100,2.0,2,0.293369628364543,5.2474386050032354e-5,0.7187880049188555,0.00014328217676282462
-0.0,-0.0,25.0,3,true,false,0.01,1.0,102,2.0,2,-0.009490394392244512,8.13538658978124e-6,-0.020178188821534854,1.1803469954731018e-5
-0.0,-0.0,25.0,3,true,false,0.01,1.0,111,2.0,2,-0.00146637716742155,2.851630615587837e-5,0.12767478371939664,3.567054199940935e-5
-0.0,-0.0,25.0,3,true,false,0.01,1.0,110,2.0,2,0.03563051147871668,5.448475033573576e-5,0.5079834151572358,8.3899921524203e-5
-0.0,-0.0,25.0,3,true,false,0.01,1.0,120,2.0,2,-0.42215456922999717,0.0003415560570992666,0.05658574247498407,0.00017194981201650576
-0.0,-0.0,25.0,3,true,false,0.01,1.0,200,2.0,2,0.03281767176218977,0.00014664357115485736,0.3905346384262704,0.00019032363804234314
-0.0,-0.0,25.0,3,true,false,0.01,1.0,201,2.0,2,-0.01327541419710986,0.0001358866040741297,0.0703275188344988,0.00010146981892468403
-0.0,-0.0,25.0,3,true,false,0.01,1.0,210,2.0,2,-0.6083739695488627,0.0012082854565358128,0.2141734724482701,0.000799386121406026
-0.0,-0.0,25.0,3,true,false,0.01,1.0,101,2.0,2,0.00546041744721306,1.5052454135276259e-5,-0.08779998136355938,4.466077726839911e-5
-0.0,-0.0,25.0,3,true,false,0.01,1.0,300,2.0,2,-0.20813469279187713,0.0017702716758228514,0.13073031717061123,0.0014130398172089202
-0.0,-0.0,25.0,3,true,false,0.01,1.0,100,2.0,2,0.2604562464566087,4.4546764918741123e-5,0.6569197843591583,0.00012776350802559837
-0.0,-0.0,25.0,3,true,false,0.001,1.0,102,3.0,2,0.00469596419729314,1.4336118646323887e-5,-0.01855458282691523,1.014726284609609e-5
-0.0,-0.0,25.0,3,true,false,0.001,1.0,111,3.0,2,0.001756199512229979,0.00010169553463644954,0.2048497016344894,6.151726560516009e-5
-0.0,-0.0,25.0,3,true,false,0.001,1.0,110,3.0,2,0.12492250891131693,0.0001872908818822473,0.7176806163973047,0.00012110879481053615
-0.0,-0.0,25.0,3,true,false,0.001,1.0,120,3.0,2,-3.096238709406389,0.002544251958237396,0.18482596269121548,0.0005041566186533519
-0.0,-0.0,25.0,3,true,false,0.001,1.0,200,3.0,2,0.09170341988136725,0.0003906012097153534,0.4020910593245654,0.00021376630410419322
-0.0,-0.0,25.0,3,true,false,0.001,1.0,201,3.0,2,-0.044979655327931814,0.0004825640773807312,0.0759071990082415,0.0001378681812467062
-0.0,-0.0,25.0,3,true,false,0.001,1.0,210,3.0,2,-3.2798821217491314,0.007720638846106271,0.4877814337406983,0.002292376373290851
-0.0,-0.0,25.0,3,true,false,0.001,1.0,101,3.0,2,0.03718209425918795,2.507771140033662e-5,-0.07288093069157389,3.5980071072214585e-5
-0.0,-0.0,25.0,3,true,false,0.001,1.0,300,3.0,2,-0.8549640495794202,0.01083649594245563,0.213663099013711,0.004146779026739775
-0.0,-0.0,25.0,3,true,false,0.001,1.0,100,3.0,2,0.415686853786337,7.307025047134563e-5,0.49636471025589374,9.918371633425095e-5
-0.0,-0.0,25.0,3,true,false,0.01,1.0,102,3.0,2,-0.013946557562614138,1.1327347119850711e-5,-0.017711613963933632,9.109869995252074e-6
-0.0,-0.0,25.0,3,true,false,0.01,1.0,111,3.0,2,-0.00415591182061949,8.013803339990304e-5,0.17395243077778313,4.946521638518733e-5
-0.0,-0.0,25.0,3,true,false,0.01,1.0,110,3.0,2,0.11724179590894639,0.0001511014752966918,0.6553694013280641,0.00010530388174932695
-0.0,-0.0,25.0,3,true,false,0.01,1.0,120,3.0,2,-2.0937900823325766,0.0019901670020044246,0.1804266970545247,0.0004589797095825092
-0.0,-0.0,25.0,3,true,false,0.01,1.0,200,3.0,2,0.084339530979346,0.0002394842139607069,0.3299342080581892,0.00014734454235695903
-0.0,-0.0,25.0,3,true,false,0.01,1.0,201,3.0,2,-0.02205461022362886,0.000198514890565619,0.05438621248104148,7.790645697254412e-5
-0.0,-0.0,25.0,3,true,false,0.01,1.0,210,3.0,2,-1.9573901858006735,0.003955600234901856,0.4420989551714122,0.0012148398314102157
-0.0,-0.0,25.0,3,true,false,0.01,1.0,101,3.0,2,0.010353782869599188,2.0902618479926945e-5,-0.07136649926418843,3.3674560681285244e-5
-0.0,-0.0,25.0,3,true,false,0.01,1.0,300,3.0,2,-0.4423212701861275,0.00330122342272774,0.17274244092770472,0.001375566581746366
-0.0,-0.0,25.0,3,true,false,0.01,1.0,100,3.0,2,0.3567588766264371,6.063857790786122e-5,0.43632354122350286,8.607106998548877e-5
-0.0,-0.0,25.0,3,true,false,0.0001,1.0,102,4.0,2,0.020164729288107072,1.034552023591406e-5,-0.016958298723107793,4.355463971877339e-6
-0.0,-0.0,25.0,3,true,false,0.0001,1.0,111,4.0,2,0.012906156846294148,0.0001224455293653885,0.2743783245758038,4.4718329160331114e-5
-0.0,-0.0,25.0,3,true,false,0.0001,1.0,110,4.0,2,0.29528749385888403,0.00022021250359136632,0.8999476833271423,7.661976126723815e-5
-0.0,-0.0,25.0,3,true,false,0.0001,1.0,120,4.0,2,-11.698821732203507,0.005148214326066164,0.4186115016664144,0.0005362763932897404
-0.0,-0.0,25.0,3,true,false,0.0001,1.0,200,4.0,2,0.1892146927213894,0.0003955860368510036,0.4005992262463882,0.00011978256134997093
-0.0,-0.0,25.0,3,true,false,0.0001,1.0,201,4.0,2,-0.06830250526571371,0.0006990945527715522,0.0769400786296061,9.358399962351573e-5
-0.0,-0.0,25.0,3,true,false,0.0001,1.0,210,4.0,2,-9.84239729773023,0.014193911898623544,0.8365881298838223,0.002595480293211457
-0.0,-0.0,25.0,3,true,false,0.0001,1.0,101,4.0,2,0.06965617524173137,1.742462460076938e-5,-0.0627992184091611,1.5073506381656328e-5
-0.0,-0.0,25.0,3,true,false,0.0001,1.0,300,4.0,2,-2.079392447808357,0.024435964230205012,0.2931578921897658,0.0059670225993443595
-0.0,-0.0,25.0,3,true,false,0.0001,1.0,100,4.0,2,0.558076578867733,5.023466881383722e-5,0.40210281354981536,4.130306316778576e-5
-0.0,-0.0,25.0,3,true,false,0.001,1.0,102,4.0,2,0.009003325514094973,9.282679263415149e-6,-0.016831358567696453,4.205990616124182e-6
-0.0,-0.0,25.0,3,true,false,0.001,1.0,111,4.0,2,0.01020738409314108,0.00010873063990326046,0.2578966377158932,3.9295430704205654e-5
-0.0,-0.0,25.0,3,true,false,0.001,1.0,110,4.0,2,0.2925060986125554,0.0001943323303476441,0.8679503008955046,7.201517421592993e-5
-0.0,-0.0,25.0,3,true,false,0.001,1.0,120,4.0,2,-10.020606929111374,0.004592272525668222,0.4164801050779815,0.0005092013746774128
-0.0,-0.0,25.0,3,true,false,0.001,1.0,200,4.0,2,0.1802028242371627,0.0002867779151254803,0.3696426306579244,9.250163628487318e-5
-0.0,-0.0,25.0,3,true,false,0.001,1.0,201,4.0,2,-0.05527763000544304,0.00031681300001396576,0.06699393084628498,5.985600961577906e-5
-0.0,-0.0,25.0,3,true,false,0.001,1.0,210,4.0,2,-8.05425104157781,0.009369339456197945,0.8060036414000085,0.0015723528207184233
-0.0,-0.0,25.0,3,true,false,0.001,1.0,101,4.0,2,0.054501104791954524,1.626498850457387e-5,-0.0625912695118309,1.4930980055975183e-5
-0.0,-0.0,25.0,3,true,false,0.001,1.0,300,4.0,2,-1.6042003028284162,0.008555180819461154,0.26541371121855634,0.002031207998028291
-0.0,-0.0,25.0,3,true,false,0.001,1.0,100,4.0,2,0.5272777494410558,4.601842519051779e-5,0.38160267516132773,3.890454940740935e-5
-0.0,-0.0,25.0,3,true,false,0.01,1.0,102,4.0,2,-0.018095302458113176,7.036062710681081e-6,-0.015783921535874334,3.6413214141724633e-6
-0.0,-0.0,25.0,3,true,false,0.01,1.0,111,4.0,2,-0.0076528313021613234,8.299890133088395e-5,0.21209443672600212,2.970908759899723e-5
-0.0,-0.0,25.0,3,true,false,0.01,1.0,110,4.0,2,0.2694476994460468,0.0001536980932657662,0.7745580180002006,6.204403579331278e-5
-0.0,-0.0,25.0,3,true,false,0.01,1.0,120,4.0,2,-6.474732176873146,0.0033799286109198645,0.40287637991518405,0.00044737605714897574
-0.0,-0.0,25.0,3,true,false,0.01,1.0,200,4.0,2,0.15039568195566547,0.00017123788561363825,0.2875316328835969,6.266093253725017e-5
-0.0,-0.0,25.0,3,true,false,0.01,1.0,201,4.0,2,-0.0291770028507233,0.0001272564569954684,0.043041198157505914,3.252263969307923e-5
-0.0,-0.0,25.0,3,true,false,0.01,1.0,210,4.0,2,-4.399055187890025,0.0046065477273166495,0.7059657613069782,0.0008171313076533724
-0.0,-0.0,25.0,3,true,false,0.01,1.0,101,4.0,2,0.014883228761617979,1.2900090817825753e-5,-0.06057946107000791,1.3436459186772932e-5
-0.0,-0.0,25.0,3,true,false,0.01,1.0,300,4.0,2,-0.7410917604362137,0.0026368585230949417,0.19975477627240326,0.0006925913079318241
-0.0,-0.0,25.0,3,true,false,0.01,1.0,100,4.0,2,0.438812541759973,3.727165651798456e-5,0.3236751286568764,3.2245158185710774e-5
-0.0,-0.0,50.0,3,true,false,0.0001,1.0,102,4.0,2,0.020271649798486793,1.1435680481401286e-5,-0.016969758201226398,4.7001032010736395e-6
-0.0,-0.0,50.0,3,true,false,0.0001,1.0,111,4.0,2,0.011290121803421331,0.00018217968475323207,0.2715603232150915,5.443355235018081e-5
-0.0,-0.0,50.0,3,true,false,0.0001,1.0,110,4.0,2,0.29374094379997684,0.0003365956217473474,0.8958037414364884,8.534936546635927e-5
-0.0,-0.0,50.0,3,true,false,0.0001,1.0,120,4.0,2,-14.228479922289216,0.01452177679554502,0.42068343664158186,0.0011643062946207607
-0.0,-0.0,50.0,3,true,false,0.0001,1.0,200,4.0,2,0.18893958735148006,0.0005514985842065502,0.3990518408714137,0.00013611692902564627
-0.0,-0.0,50.0,3,true,false,0.0001,1.0,201,4.0,2,-0.06672990285033449,0.0010320679048772953,0.07609797845415392,0.00010043582962658417
-0.0,-0.0,50.0,3,true,false,0.0001,1.0,210,4.0,2,-11.939325329274318,0.03658605228558322,0.8468824168409839,0.004571601985476054
-0.0,-0.0,50.0,3,true,false,0.0001,1.0,101,4.0,2,0.06960634622571377,1.92089769387002e-5,-0.06283629883190715,1.585402489584099e-5
-0.0,-0.0,50.0,3,true,false,0.0001,1.0,300,4.0,2,-2.4718505435326006,0.046223785978515466,0.28174913725978856,0.008877568851229421
-0.0,-0.0,50.0,3,true,false,0.0001,1.0,100,4.0,2,0.5578671806570203,5.745937665766022e-5,0.4020738249440994,4.473512486190724e-5
-0.0,-0.0,50.0,3,true,false,0.001,1.0,102,4.0,2,0.00931447094660441,1.0497313437931906e-5,-0.016848674771030202,4.545613602939453e-6
-0.0,-0.0,50.0,3,true,false,0.001,1.0,111,4.0,2,0.009132511379244779,0.0001606244628587725,0.25589320500530566,4.705571122658323e-5
-0.0,-0.0,50.0,3,true,false,0.001,1.0,110,4.0,2,0.2911928508127869,0.00029386420797179486,0.8646949045309167,8.191801683400173e-5
-0.0,-0.0,50.0,3,true,false,0.001,1.0,120,4.0,2,-12.194561482915658,0.012740321925803114,0.4159136478066931,0.001112016206724861
-0.0,-0.0,50.0,3,true,false,0.001,1.0,200,4.0,2,0.17914329622015873,0.0003997399979283583,0.36864274989292894,0.00010763887981605867
-0.0,-0.0,50.0,3,true,false,0.001,1.0,201,4.0,2,-0.05548929574954266,0.000456563724265809,0.06660025013627896,6.730751665014762e-5
-0.0,-0.0,50.0,3,true,false,0.001,1.0,210,4.0,2,-9.655249354418041,0.022792325049935686,0.8031784179967992,0.002741726809075605
-0.0,-0.0,50.0,3,true,false,0.001,1.0,101,4.0,2,0.05464748673256069,1.785941556252131e-5,-0.062617964883486,1.573698871923216e-5
-0.0,-0.0,50.0,3,true,false,0.001,1.0,300,4.0,2,-1.9211820448169088,0.016839713153319738,0.2644601261480136,0.0033622234995590037
-0.0,-0.0,50.0,3,true,false,0.001,1.0,100,4.0,2,0.5272767849214742,5.282076936667531e-5,0.3815254667179993,4.1772877744696214e-5
-0.0,-0.0,50.0,3,true,false,0.01,1.0,102,4.0,2,-0.01748623465163794,8.195221497863091e-6,-0.015792043195164213,4.093599492370383e-6
-0.0,-0.0,50.0,3,true,false,0.01,1.0,111,4.0,2,-0.00789754494092831,0.00012668226604400248,0.2116986543827011,3.719968245745143e-5
-0.0,-0.0,50.0,3,true,false,0.01,1.0,110,4.0,2,0.26904375059048097,0.00022990801996341598,0.7726040149940715,7.186352356734017e-5
-0.0,-0.0,50.0,3,true,false,0.01,1.0,120,4.0,2,-7.847581392848843,0.009339667794599271,0.40133783121598565,0.001001640235306288
-0.0,-0.0,50.0,3,true,false,0.01,1.0,200,4.0,2,0.15027581208861868,0.00024254708235150446,0.28688864725046753,7.313466265899154e-5
-0.0,-0.0,50.0,3,true,false,0.01,1.0,201,4.0,2,-0.02949923723454096,0.00017902037350563628,0.04296971901576058,3.741645649347956e-5
-0.0,-0.0,50.0,3,true,false,0.01,1.0,210,4.0,2,-5.293667042263602,0.011536594446263353,0.7069350897645902,0.001423629931600668
-0.0,-0.0,50.0,3,true,false,0.01,1.0,101,4.0,2,0.01542186498232444,1.4920969366306908e-5,-0.0606119368472535,1.4909863880739891e-5
-0.0,-0.0,50.0,3,true,false,0.01,1.0,300,4.0,2,-0.8880514126713975,0.005703749391226257,0.19902719710313146,0.0012343025271577847
-0.0,-0.0,50.0,3,true,false,0.01,1.0,100,4.0,2,0.4391504862778912,4.204947374936544e-5,0.3235977073898927,3.595162578633281e-5
-0.0,-0.0,25.0,3,true,false,0.001,1.0,102,5.0,2,0.014034157016600868,2.2433000024714768e-5,-0.015489206725195957,7.19963262873197e-6
-0.0,-0.0,25.0,3,true,false,0.001,1.0,111,5.0,2,0.030808967494715702,0.0003860575988573892,0.3058436020948829,9.382456457550787e-5
-0.0,-0.0,25.0,3,true,false,0.001,1.0,110,5.0,2,0.5635272291156067,0.0006952230917247128,1.0019805102011226,0.00016624534459712563
-0.0,-0.0,25.0,3,true,false,0.001,1.0,120,5.0,2,-24.904313045464235,0.024377854505163096,0.7797273902206171,0.0017330594018919335
-0.0,-0.0,25.0,3,true,false,0.001,1.0,200,5.0,2,0.2913489225988716,0.0007805669676258425,0.34533784379966476,0.00017071194440620283
-0.0,-0.0,25.0,3,true,false,0.001,1.0,201,5.0,2,-0.05957020889339127,0.0007919814983317837,0.06027742965715546,0.00010712572156200088
-0.0,-0.0,25.0,3,true,false,0.001,1.0,210,5.0,2,-16.160849328776205,0.03761598032409959,1.1780669041039824,0.004159592714583989
-0.0,-0.0,25.0,3,true,false,0.001,1.0,101,5.0,2,0.07198250768533487,3.899537761814941e-5,-0.0552832656835361,2.5398368900081763e-5
-0.0,-0.0,25.0,3,true,false,0.001,1.0,300,5.0,2,-2.61624105008313,0.025187706963046157,0.30845424508479247,0.0041993260616609565
-0.0,-0.0,25.0,3,true,false,0.001,1.0,100,5.0,2,0.6307453053886111,0.00011123394832987833,0.3113330014420813,6.392777050044631e-5
-0.0,-0.0,25.0,3,true,false,0.01,1.0,102,5.0,2,-0.021969299793739672,1.6707968427402995e-5,-0.014245117767520406,6.303608789054226e-6
-0.0,-0.0,25.0,3,true,false,0.01,1.0,111,5.0,2,-0.008534257064979636,0.0002873034985055585,0.24407123680241855,7.135577653438314e-5
-0.0,-0.0,25.0,3,true,false,0.01,1.0,110,5.0,2,0.5107743658855105,0.0005281599285756109,0.8742281293475427,0.0001387384886631621
-0.0,-0.0,25.0,3,true,false,0.01,1.0,120,5.0,2,-15.440580187356145,0.01751114417563211,0.7455737935880149,0.0014764704316245342
-0.0,-0.0,25.0,3,true,false,0.01,1.0,200,5.0,2,0.2269946490224064,0.0004405084866945969,0.25469450978764896,0.00010876150265812245
-0.0,-0.0,25.0,3,true,false,0.01,1.0,201,5.0,2,-0.03596922266641674,0.0003060834261039229,0.034487234965028,5.5618254389336394e-5
-0.0,-0.0,25.0,3,true,false,0.01,1.0,210,5.0,2,-8.0839177215818,0.017842284159448614,0.9925612361044945,0.0020423458428947493
-0.0,-0.0,25.0,3,true,false,0.01,1.0,101,5.0,2,0.018683541652971064,3.0801522017589534e-5,-0.052899596296760526,2.2886173030895033e-5
-0.0,-0.0,25.0,3,true,false,0.01,1.0,300,5.0,2,-1.04934697789078,0.007771061261473007,0.21861595487060834,0.001370898286077277
-0.0,-0.0,25.0,3,true,false,0.01,1.0,100,5.0,2,0.5098760117657734,8.627200951569084e-5,0.25520085117468355,5.1776940232551905e-5
-0.0,-0.0,50.0,3,true,false,0.01,1.0,102,5.0,2,-0.021358495788704704,1.932866165669823e-5,-0.014259665571879644,7.1102085378128375e-6
-0.0,-0.0,50.0,3,true,false,0.01,1.0,111,5.0,2,-0.009354422257222321,0.0004483921256978287,0.2436922736588643,8.762042253375721e-5
-0.0,-0.0,50.0,3,true,false,0.01,1.0,110,5.0,2,0.5097083571941651,0.0007899293142485272,0.8722514101577463,0.00016237151528846844
-0.0,-0.0,50.0,3,true,false,0.01,1.0,120,5.0,2,-18.611452948162007,0.047535165791498406,0.7434034289454842,0.0033649785081415967
-0.0,-0.0,50.0,3,true,false,0.01,1.0,200,5.0,2,0.22835317188839022,0.000644136642313048,0.2544420370578688,0.00012614079664097572
-0.0,-0.0,50.0,3,true,false,0.01,1.0,201,5.0,2,-0.03707124925271707,0.0004380232624025092,0.03430534766897625,6.552552544322736e-5
-0.0,-0.0,50.0,3,true,false,0.01,1.0,210,5.0,2,-9.672058197101999,0.04478725952642956,0.9951459372852122,0.003634042760967445
-0.0,-0.0,50.0,3,true,false,0.01,1.0,101,5.0,2,0.019247280846490408,3.517758573856981e-5,-0.052913717268169014,2.56894023605592e-5
-0.0,-0.0,50.0,3,true,false,0.01,1.0,300,5.0,2,-1.245532633342161,0.01720296681220125,0.2197806110321465,0.002606815887325036
-0.0,-0.0,50.0,3,true,false,0.01,1.0,100,5.0,2,0.5101532279078155,9.931177625100096e-5,0.25506094389792155,5.7977698169090775e-5
-0.0,-0.0,25.0,3,true,false,0.001,1.0,102,6.0,2,0.019454492342701114,2.5908884658627644e-5,-0.014369171162164587,6.389419509326203e-6
-0.0,-0.0,25.0,3,true,false,0.001,1.0,111,6.0,2,0.07142068910755783,0.0006191921563378329,0.34934292948331924,0.0001086384032614417
-0.0,-0.0,25.0,3,true,false,0.001,1.0,110,6.0,2,0.9541277834902734,0.0011002997530607976,1.1221904934091238,0.00018294100161569114
-0.0,-0.0,25.0,3,true,false,0.001,1.0,120,6.0,2,-52.19692454820806,0.05400941667962596,1.2905225476401676,0.00263077106054929
-0.0,-0.0,25.0,3,true,false,0.001,1.0,200,6.0,2,0.425249823017406,0.0010027329305817491,0.325602767235951,0.00015606950911240477
-0.0,-0.0,25.0,3,true,false,0.001,1.0,201,6.0,2,-0.06334244225352217,0.0009486471410886087,0.05458045498185521,9.83547188611233e-5
-0.0,-0.0,25.0,3,true,false,0.001,1.0,210,6.0,2,-28.305985812715154,0.0664162437311237,1.589570331669178,0.005074935478129829
-0.0,-0.0,25.0,3,true,false,0.001,1.0,101,6.0,2,0.08918340222648732,4.5267092648450834e-5,-0.04968671829976527,2.224758750327897e-5
-0.0,-0.0,25.0,3,true,false,0.001,1.0,300,6.0,2,-3.878759085916215,0.03518754257993149,0.3460304530557037,0.004275768205470844
-0.0,-0.0,25.0,3,true,false,0.001,1.0,100,6.0,2,0.7269399963135033,0.00012780689828917167,0.26332084876877826,5.4512852598758375e-5
-0.0,-0.0,25.0,3,true,false,0.01,1.0,102,6.0,2,-0.025740072001946123,1.8963745221219706e-5,-0.01295450715235831,5.4800906477863616e-6
-0.0,-0.0,25.0,3,true,false,0.01,1.0,111,6.0,2,-0.006094239801111485,0.00045188031108297133,0.27064958564431674,8.16679288070224e-5
-0.0,-0.0,25.0,3,true,false,0.01,1.0,110,6.0,2,0.8506800096472682,0.0008217218838702473,0.9585873345466707,0.00015527293899735955
-0.0,-0.0,25.0,3,true,false,0.01,1.0,120,6.0,2,-31.260034781020504,0.03697665090441961,1.2255789416924718,0.0022584206689697647
-0.0,-0.0,25.0,3,true,false,0.01,1.0,200,6.0,2,0.3114191424954451,0.000552580721637643,0.22826102752626276,9.718958006869938e-5
-0.0,-0.0,25.0,3,true,false,0.01,1.0,201,6.0,2,-0.04159518485037642,0.00036307474618185655,0.027687617840592163,4.964213521038996e-5
-0.0,-0.0,25.0,3,true,false,0.01,1.0,210,6.0,2,-13.288618116722462,0.03043389514792729,1.2935463925278654,0.002483780780228562
-0.0,-0.0,25.0,3,true,false,0.01,1.0,101,6.0,2,0.02146104669036464,3.535331580973933e-5,-0.047012585521018765,2.0239941555600543e-5
-0.0,-0.0,25.0,3,true,false,0.01,1.0,300,6.0,2,-1.4071162303069418,0.010511029774374913,0.23066399388090272,0.0013810550461388757
-0.0,-0.0,25.0,3,true,false,0.01,1.0,100,6.0,2,0.5715509932359335,9.696917002755685e-5,0.2090128220680883,4.360752249554329e-5
-0.0,-0.0,25.0,3,true,false,0.001,1.0,102,8.0,2,0.03091086563129571,3.332392875672564e-5,-0.012626194181690302,5.256977270198762e-6
-0.0,-0.0,25.0,3,true,false,0.001,1.0,111,8.0,2,0.23770661466313328,0.0012991433235974188,0.42530584068952315,0.00013728756957190704
-0.0,-0.0,25.0,3,true,false,0.001,1.0,110,8.0,2,2.1862519563995626,0.0022257935080690944,1.3350549922142958,0.0002202788019695404
-0.0,-0.0,25.0,3,true,false,0.001,1.0,120,8.0,2,-167.23249738812075,0.18816983736243909,2.8295881905864495,0.005166269912254714
-0.0,-0.0,25.0,3,true,false,0.001,1.0,200,8.0,2,0.7443792609566384,0.0014852580733688773,0.2948340025151964,0.00013830868686956534
-0.0,-0.0,25.0,3,true,false,0.001,1.0,201,8.0,2,-0.05523292520155383,0.00127648238157956,0.04557967175405081,8.631638047591826e-5
-0.0,-0.0,25.0,3,true,false,0.001,1.0,210,8.0,2,-68.57379855091102,0.16389715122272497,2.5117454189883275,0.007049811799632774
-0.0,-0.0,25.0,3,true,false,0.001,1.0,101,8.0,2,0.12198301150880214,5.8252392257676946e-5,-0.04167953966597593,1.818752366212332e-5
-0.0,-0.0,25.0,3,true,false,0.001,1.0,300,8.0,2,-6.91313131751417,0.06103564327946109,0.41585916066218204,0.004496130201781898
-0.0,-0.0,25.0,3,true,false,0.001,1.0,100,8.0,2,0.9022006941327152,0.0001604153708438959,0.20188080539817707,4.248017047718481e-5
-0.0,-0.0,25.0,3,true,false,0.01,1.0,102,8.0,2,-0.03302742585425713,2.296464052019631e-5,-0.010914681715568173,4.3316421010747366e-6
-0.0,-0.0,25.0,3,true,false,0.01,1.0,111,8.0,2,0.018559664793760478,0.0009173455404573297,0.31039284603290795,9.834548447282797e-5
-0.0,-0.0,25.0,3,true,false,0.01,1.0,110,8.0,2,1.874412644404338,0.0016139368108567971,1.0925130542152308,0.00017476825574951087
-0.0,-0.0,25.0,3,true,false,0.01,1.0,120,8.0,2,-93.98638041950397,0.12207148130387274,2.6217709604350157,0.0043321885493458265
-0.0,-0.0,25.0,3,true,false,0.01,1.0,200,8.0,2,0.4887980488054991,0.0007691186716313861,0.18701104096220164,8.015287300677802e-5
-0.0,-0.0,25.0,3,true,false,0.01,1.0,201,8.0,2,-0.0568075868014741,0.00046026394162693076,0.01759299865873668,4.1151381863543336e-5
-0.0,-0.0,25.0,3,true,false,0.01,1.0,210,8.0,2,-27.87667175784314,0.06992052666271525,1.9018389974063035,0.0033407982351040437
-0.0,-0.0,25.0,3,true,false,0.01,1.0,101,8.0,2,0.02426037991754149,4.327588942195364e-5,-0.03846725156066408,1.6178128219552194e-5
-0.0,-0.0,25.0,3,true,false,0.01,1.0,300,8.0,2,-2.055853202618834,0.016986280581540412,0.23768201872534914,0.0013659964215846155
-0.0,-0.0,25.0,3,true,false,0.01,1.0,100,8.0,2,0.6724868258407957,0.00011564236466456103,0.15054968485244924,3.2535119726125145e-5
